<?xml version="1.0" encoding="UTF-8"?>
<project-private xmlns="http://www.netbeans.org/ns/project-private/1">
    <editor-bookmarks xmlns="http://www.netbeans.org/ns/editor-bookmarks/2" lastBookmarkId="0"/>
    <open-files xmlns="http://www.netbeans.org/ns/projectui-open-files/2">
        <group>
            <file>file:/C:/Users/alexi/OneDrive/Desktop/FinancePersonales-ArreglarProblemas/FinancePersonal-arreglarProblemas/src/config/ApplicationConfig.java</file>
            <file>file:/C:/Users/alexi/OneDrive/Desktop/FinancePersonales-ArreglarProblemas/FinancePersonal-arreglarProblemas/src/config/Main.java</file>
            <file>file:/C:/Users/alexi/OneDrive/Desktop/FinancePersonales-ArreglarProblemas/FinancePersonal-arreglarProblemas/src/API_repositories/AccountRepository.java</file>
            <file>file:/C:/Users/alexi/OneDrive/Desktop/FinancePersonales-ArreglarProblemas/FinancePersonal-arreglarProblemas/src/patrones_estructurales/LoggingDecorator.java</file>
            <file>file:/C:/Users/alexi/OneDrive/Desktop/FinancePersonales-ArreglarProblemas/FinancePersonal-arreglarProblemas/src/API_services/AccountService.java</file>
            <file>file:/C:/Users/alexi/OneDrive/Desktop/FinancePersonales-ArreglarProblemas/FinancePersonal-arreglarProblemas/src/API_controllers/AccountController.java</file>
        </group>
    </open-files>
</project-private>
