<?xml version="1.0" encoding="UTF-8"?>
<project-private xmlns="http://www.netbeans.org/ns/project-private/1">
    <editor-bookmarks xmlns="http://www.netbeans.org/ns/editor-bookmarks/2" lastBookmarkId="0"/>
    <open-files xmlns="http://www.netbeans.org/ns/projectui-open-files/2">
        <group>
            <file>file:/C:/Users/User/Desktop/D_S%201.2/cambios%20hechos/FinancePersonal/src/views_secundary/CUENTAS.java</file>
            <file>file:/C:/Users/User/Desktop/D_S%201.2/cambios%20hechos/FinancePersonal/src/views_secundary/GASTOS.java</file>
            <file>file:/C:/Users/User/Desktop/D_S%201.2/cambios%20hechos/FinancePersonal/src/Login/Login.java</file>
        </group>
    </open-files>
</project-private>
